{
    "name": "ui/TitleMenu.ui.json",
    "root": {
        "children": [
            {
                "children": [],
                "components": [
                    {
                        "data": {
                            "anchors": [
                                0.0,
                                1.0,
                                1.0,
                                0.0
                            ],
                            "constraints": {
                                "maxHeight": 3.4028234663852886e+38,
                                "maxWidth": 3.4028234663852886e+38,
                                "minHeight": 0.0,
                                "minWidth": 0.0
                            },
                            "margins": [
                                0.0,
                                0.0,
                                0.0,
                                0.0
                            ],
                            "pivot": [
                                0.0,
                                0.0
                            ],
                            "rect": [
                                0.0,
                                0.0,
                                240.0,
                                120.0
                            ],
                            "sizePolicy": [
                                "Fixed",
                                "Fixed"
                            ]
                        },
                        "type": "Transform"
                    },
                    {
                        "data": {
                            "borderColor": [
                                0.0,
                                0.0,
                                0.0,
                                1.0
                            ],
                            "borderThickness": 0.0,
                            "cornerRadius": 4.0,
                            "fillColor": [
                                0.24710388481616974,
                                0.14901962876319885,
                                0.27450981736183167,
                                0.7058823704719543
                            ]
                        },
                        "type": "PanelStyle"
                    }
                ],
                "enabled": true,
                "name": "Panel",
                "visible": true
            },
            {
                "children": [],
                "components": [
                    {
                        "data": {
                            "anchors": [
                                0.5,
                                1.0,
                                0.5,
                                1.0
                            ],
                            "constraints": {
                                "maxHeight": 4096.0,
                                "maxWidth": 4096.0,
                                "minHeight": 0.0,
                                "minWidth": 0.0
                            },
                            "margins": [
                                0.0,
                                0.0,
                                0.0,
                                0.0
                            ],
                            "pivot": [
                                0.5,
                                1.0
                            ],
                            "rect": [
                                0.0,
                                -64.0,
                                800.0,
                                100.0
                            ],
                            "sizePolicy": [
                                "Fixed",
                                "Fixed"
                            ]
                        },
                        "type": "Transform"
                    },
                    {
                        "data": {
                            "anchor": [
                                0.5,
                                0.5
                            ],
                            "color": [
                                1.0,
                                1.0,
                                1.0,
                                0.8999999761581421
                            ],
                            "rotationRad": 0.0,
                            "texturePath": "textures/press_space_start.png",
                            "uvMax": [
                                1.0,
                                1.0
                            ],
                            "uvMin": [
                                0.0,
                                0.0
                            ]
                        },
                        "type": "Texture"
                    }
                ],
                "enabled": true,
                "name": "PlayImage",
                "visible": true
            },
            {
                "children": [],
                "components": [
                    {
                        "data": {
                            "anchors": [
                                0.5,
                                0.0,
                                0.5,
                                0.0
                            ],
                            "constraints": {
                                "maxHeight": 4096.0,
                                "maxWidth": 4096.0,
                                "minHeight": 0.0,
                                "minWidth": 0.0
                            },
                            "margins": [
                                0.0,
                                0.0,
                                0.0,
                                0.0
                            ],
                            "pivot": [
                                0.5,
                                0.5
                            ],
                            "rect": [
                                0.0,
                                300.0,
                                900.0,
                                220.0
                            ],
                            "sizePolicy": [
                                "Fixed",
                                "Fixed"
                            ]
                        },
                        "type": "Transform"
                    },
                    {
                        "data": {
                            "anchor": [
                                0.5,
                                0.5
                            ],
                            "color": [
                                1.0,
                                1.0,
                                1.0,
                                1.0
                            ],
                            "rotationRad": 0.0,
                            "texturePath": "textures/title_logo.png",
                            "uvMax": [
                                1.0,
                                1.0
                            ],
                            "uvMin": [
                                0.0,
                                0.0
                            ]
                        },
                        "type": "Texture"
                    }
                ],
                "enabled": true,
                "name": "TitleLogoImage",
                "visible": true
            },
            {
                "children": [],
                "components": [
                    {
                        "data": {
                            "anchors": [
                                0.0,
                                0.0,
                                1.0,
                                1.0
                            ],
                            "constraints": {
                                "maxHeight": 4096.0,