{
    "name": "ui/clear.ui.json",
    "root": {
        "children": [
            {
                "children": [],
                "components": [
                    {
                        "data": {
                            "anchors": [
                                0.20000000298023224,
                                0.20000000298023224,
                                0.800000011920929,
                                0.800000011920929
                            ],
                            "constraints": {
                                "maxHeight": 3.4028234663852886e+38,
                                "maxWidth": 3.4028234663852886e+38,
                                "minHeight": 0.0,
                                "minWidth": 0.0
                            },
                            "margins": [
                                0.0,
                                0.0,
                                0.0,
                                0.0
                            ],
                            "pivot": [
                                0.0,
                                0.0
                            ],
                            "rect": [
                                0.0,
                                0.0,
                                0.0,
                                0.0
                            ],
                            "sizePolicy": [
                                "Fixed",
                                "Fixed"
                            ]
                        },
                        "type": "Transform"
                    },
                    {
                        "data": {
                            "anchor": [
                                0.0,
                                0.0
                            ],
                            "color": [
                                0.1839081048965454,
                                1.0,
                                0.0,
                                1.0
                            ],
                            "rotationRad": 0.0,
                            "texturePath": "content/core/textures/sun.png",
                            "uvMax": [
                                1.0,
                                1.0
                            ],
                            "uvMin": [
                                0.0,
                                0.0
                            ]
                        },
                        "type": "Texture"
                    }
                ],
                "enabled": true,
                "name": "Widget",
                "visible": true
            }
        ],
        "components": [
            {
                "data": {
                    "anchors": [
                        0.0,
                        0.0,
                        1.0,
                        1.0
                    ],
                    "constraints": {
                        "maxHeight": 3.4028234663852886e+38,
                        "maxWidth": 3.4028234663852886e+38,
                        "minHeight": 0.0,
                        "minWidth": 0.0
                    },
                    "margins": [
                        0.0,
                        0.0,
                        0.0,
                        0.0
                    ],
                    "pivot": [
                        0.0,
                        0.0
                    ],
                    "rect": [
                        0.0,
                        0.0,
                        0.0,
                        0.0
                    ],
                    "sizePolicy": [
                        "Fixed",
                        "Fixed"
                    ]
                },
                "type": "Transform"
            }
        ],
        "enabled": true,
        "name": "RootLayout",
        "visible": true
    },
    "version": 2
}